"","GEOID","STATEFP","STATENS","AFFGEOID","STUSPS","NAME","LSAD","ALAND","AWATER","Baseline Coverage","NEVI Coverage","AFC Coverage","State Spillover","NEVI Increase"
"1","02","02","01785533","0400000US02","AK","Alaska","00",1478839695958,245481577452,0.460966416780304,0.396041341062146,0.704656224516612,0,0.308614883454466
"2","04","04","01779777","0400000US04","AZ","Arizona","00",294198551143,1027337603,NA,NA,NA,NA,NA
"3","15","15","01779782","0400000US15","HI","Hawaii","00",16633990195,11777809026,0.622543646509456,0.622543646509456,0.622543646509456,0,0
